No,GrupKK,KepalaKeluarga,NIK,Nama,JK,TempatLahir,TglLahir,Umur,Status,Alamat,RT,RW,Disabilitas,Keterangan,NoHP,NoTPS,StatusKonfirmasi
1,,,,,,,,,,,,,,,,06,Belum
2,,,,,,,,,,,,,,,,06,Belum
3,,,,,,,,,,,,,,,,06,Belum
4,,,,,,,,,,,,,,,,06,Belum
5,,,,,,,,,,,,,,,,06,Belum
6,,,,,,,,,,,,,,,,06,Belum
7,,,,,,,,,,,,,,,,06,Belum
8,,,,,,,,,,,,,,,,06,Belum
9,,,,,,,,,,,,,,,,06,Belum
10,,,,,,,,,,,,,,,,06,Belum
11,,,,,,,,,,,,,,,,06,Belum
12,,,,,,,,,,,,,,,,06,Belum
13,,,,,,,,,,,,,,,,06,Belum
14,,,,,,,,,,,,,,,,06,Belum
15,,,,,,,,,,,,,,,,06,Belum
16,,,,,,,,,,,,,,,,06,Belum
17,,,,,,,,,,,,,,,,06,Belum
18,,,,,,,,,,,,,,,,06,Belum
19,,,,,,,,,,,,,,,,06,Belum
20,,,,,,,,,,,,,,,,06,Belum
21,,,,,,,,,,,,,,,,06,Belum
22,,,,,,,,,,,,,,,,06,Belum
23,,,,,,,,,,,,,,,,06,Belum
24,,,,,,,,,,,,,,,,06,Belum
25,,,,,,,,,,,,,,,,06,Belum
26,,,,,,,,,,,,,,,,06,Belum
27,,,,,,,,,,,,,,,,06,Belum
28,,,,,,,,,,,,,,,,06,Belum
29,,,,,,,,,,,,,,,,06,Belum
30,,,,,,,,,,,,,,,,06,Belum
31,,,,,,,,,,,,,,,,06,Belum
32,,,,,,,,,,,,,,,,06,Belum
33,,,,,,,,,,,,,,,,06,Belum
34,,,,,,,,,,,,,,,,06,Belum
35,,,,,,,,,,,,,,,,06,Belum
36,,,,,,,,,,,,,,,,06,Belum
37,,,,,,,,,,,,,,,,06,Belum
38,,,,,,,,,,,,,,,,06,Belum
39,,,,,,,,,,,,,,,,06,Belum
40,,,,,,,,,,,,,,,,06,Belum
41,,,,,,,,,,,,,,,,06,Belum
42,,,,,,,,,,,,,,,,06,Belum
43,,,,,,,,,,,,,,,,06,Belum
44,,,,,,,,,,,,,,,,06,Belum
45,,,,,,,,,,,,,,,,06,Belum
46,,,,,,,,,,,,,,,,06,Belum
47,,,,,,,,,,,,,,,,06,Belum
48,,,,,,,,,,,,,,,,06,Belum
49,,,,,,,,,,,,,,,,06,Belum
50,,,,,,,,,,,,,,,,06,Belum
51,,,,,,,,,,,,,,,,06,Belum
52,,,,,,,,,,,,,,,,06,Belum
53,,,,,,,,,,,,,,,,06,Belum
54,,,,,,,,,,,,,,,,06,Belum
55,,,,,,,,,,,,,,,,06,Belum
56,,,,,,,,,,,,,,,,06,Belum
57,,,,,,,,,,,,,,,,06,Belum
58,,,,,,,,,,,,,,,,06,Belum
59,,,,,,,,,,,,,,,,06,Belum
60,,,,,,,,,,,,,,,,06,Belum
61,,,,,,,,,,,,,,,,06,Belum
62,,,,,,,,,,,,,,,,06,Belum
63,,,,,,,,,,,,,,,,06,Belum
64,,,,,,,,,,,,,,,,06,Belum
65,,,,,,,,,,,,,,,,06,Belum
66,,,,,,,,,,,,,,,,06,Belum
67,,,,,,,,,,,,,,,,06,Belum
68,,,,,,,,,,,,,,,,06,Belum
69,,,,,,,,,,,,,,,,06,Belum
70,,,,,,,,,,,,,,,,06,Belum
71,,,,,,,,,,,,,,,,06,Belum
72,,,,,,,,,,,,,,,,06,Belum
73,,,,,,,,,,,,,,,,06,Belum
74,,,,,,,,,,,,,,,,06,Belum
75,,,,,,,,,,,,,,,,06,Belum
76,,,,,,,,,,,,,,,,06,Belum
77,,,,,,,,,,,,,,,,06,Belum
78,,,,,,,,,,,,,,,,06,Belum
79,,,,,,,,,,,,,,,,06,Belum
80,,,,,,,,,,,,,,,,06,Belum
81,,,,,,,,,,,,,,,,06,Belum
82,,,,,,,,,,,,,,,,06,Belum
83,,,,,,,,,,,,,,,,06,Belum
84,,,,,,,,,,,,,,,,06,Belum
85,,,,,,,,,,,,,,,,06,Belum
86,,,,,,,,,,,,,,,,06,Belum
87,,,,,,,,,,,,,,,,06,Belum
88,,,,,,,,,,,,,,,,06,Belum
89,,,,,,,,,,,,,,,,06,Belum
90,,,,,,,,,,,,,,,,06,Belum
91,,,,,,,,,,,,,,,,06,Belum
92,,,,,,,,,,,,,,,,06,Belum
93,,,,,,,,,,,,,,,,06,Belum
94,,,,,,,,,,,,,,,,06,Belum
95,,,,,,,,,,,,,,,,06,Belum
96,,,,,,,,,,,,,,,,06,Belum
97,,,,,,,,,,,,,,,,06,Belum
98,,,,,,,,,,,,,,,,06,Belum
99,,,,,,,,,,,,,,,,06,Belum
100,,,,,,,,,,,,,,,,06,Belum
101,,,,,,,,,,,,,,,,06,Belum
102,,,,,,,,,,,,,,,,06,Belum
103,,,,,,,,,,,,,,,,06,Belum
104,,,,,,,,,,,,,,,,06,Belum
105,,,,,,,,,,,,,,,,06,Belum
106,,,,,,,,,,,,,,,,06,Belum
107,,,,,,,,,,,,,,,,06,Belum
108,,,,,,,,,,,,,,,,06,Belum
109,,,,,,,,,,,,,,,,06,Belum
110,,,,,,,,,,,,,,,,06,Belum
111,,,,,,,,,,,,,,,,06,Belum
112,,,,,,,,,,,,,,,,06,Belum
113,,,,,,,,,,,,,,,,06,Belum
114,,,,,,,,,,,,,,,,06,Belum
115,,,,,,,,,,,,,,,,06,Belum
116,,,,,,,,,,,,,,,,06,Belum
117,,,,,,,,,,,,,,,,06,Belum
118,,,,,,,,,,,,,,,,06,Belum
119,,,,,,,,,,,,,,,,06,Belum
120,,,,,,,,,,,,,,,,06,Belum
121,,,,,,,,,,,,,,,,06,Belum
122,,,,,,,,,,,,,,,,06,Belum
123,,,,,,,,,,,,,,,,06,Belum
124,,,,,,,,,,,,,,,,06,Belum
125,,,,,,,,,,,,,,,,06,Belum
126,,,,,,,,,,,,,,,,06,Belum
127,,,,,,,,,,,,,,,,06,Belum
128,,,,,,,,,,,,,,,,06,Belum
129,,,,,,,,,,,,,,,,06,Belum
130,,,,,,,,,,,,,,,,06,Belum
131,,,,,,,,,,,,,,,,06,Belum
132,,,,,,,,,,,,,,,,06,Belum
133,,,,,,,,,,,,,,,,06,Belum
134,,,,,,,,,,,,,,,,06,Belum
135,,,,,,,,,,,,,,,,06,Belum
136,,,,,,,,,,,,,,,,06,Belum
137,,,,,,,,,,,,,,,,06,Belum
138,,,,,,,,,,,,,,,,06,Belum
139,,,,,,,,,,,,,,,,06,Belum
140,,,,,,,,,,,,,,,,06,Belum
141,,,,,,,,,,,,,,,,06,Belum
142,,,,,,,,,,,,,,,,06,Belum
143,,,,,,,,,,,,,,,,06,Belum
144,,,,,,,,,,,,,,,,06,Belum
145,,,,,,,,,,,,,,,,06,Belum
146,,,,,,,,,,,,,,,,06,Belum
147,,,,,,,,,,,,,,,,06,Belum
148,,,,,,,,,,,,,,,,06,Belum
149,,,,,,,,,,,,,,,,06,Belum
150,,,,,,,,,,,,,,,,06,Belum
151,,,,,,,,,,,,,,,,06,Belum
152,,,,,,,,,,,,,,,,06,Belum
153,,,,,,,,,,,,,,,,06,Belum
154,,,,,,,,,,,,,,,,06,Belum
155,,,,,,,,,,,,,,,,06,Belum
156,,,,,,,,,,,,,,,,06,Belum
157,,,,,,,,,,,,,,,,06,Belum
158,,,,,,,,,,,,,,,,06,Belum
159,,,,,,,,,,,,,,,,06,Belum
160,,,,,,,,,,,,,,,,06,Belum
161,,,,,,,,,,,,,,,,06,Belum
162,,,,,,,,,,,,,,,,06,Belum
163,,,,,,,,,,,,,,,,06,Belum
164,,,,,,,,,,,,,,,,06,Belum
165,,,,,,,,,,,,,,,,06,Belum
166,,,,,,,,,,,,,,,,06,Belum
167,,,,,,,,,,,,,,,,06,Belum
168,,,,,,,,,,,,,,,,06,Belum
169,,,,,,,,,,,,,,,,06,Belum
170,,,,,,,,,,,,,,,,06,Belum
171,,,,,,,,,,,,,,,,06,Belum
172,,,,,,,,,,,,,,,,06,Belum
173,,,,,,,,,,,,,,,,06,Belum
174,,,,,,,,,,,,,,,,06,Belum
175,,,,,,,,,,,,,,,,06,Belum
176,,,,,,,,,,,,,,,,06,Belum
177,,,,,,,,,,,,,,,,06,Belum
178,,,,,,,,,,,,,,,,06,Belum
179,,,,,,,,,,,,,,,,06,Belum
180,,,,,,,,,,,,,,,,06,Belum
181,,,,,,,,,,,,,,,,06,Belum
182,,,,,,,,,,,,,,,,06,Belum
183,,,,,,,,,,,,,,,,06,Belum
184,,,,,,,,,,,,,,,,06,Belum
185,,,,,,,,,,,,,,,,06,Belum
186,,,,,,,,,,,,,,,,06,Belum
187,,,,,,,,,,,,,,,,06,Belum
188,,,,,,,,,,,,,,,,06,Belum
189,,,,,,,,,,,,,,,,06,Belum
190,,,,,,,,,,,,,,,,06,Belum
191,,,,,,,,,,,,,,,,06,Belum
192,,,,,,,,,,,,,,,,06,Belum
193,,,,,,,,,,,,,,,,06,Belum
194,,,,,,,,,,,,,,,,06,Belum
195,,,,,,,,,,,,,,,,06,Belum
196,,,,,,,,,,,,,,,,06,Belum
197,,,,,,,,,,,,,,,,06,Belum
198,,,,,,,,,,,,,,,,06,Belum
199,,,,,,,,,,,,,,,,06,Belum
200,,,,,,,,,,,,,,,,06,Belum
201,,,,,,,,,,,,,,,,06,Belum
202,,,,,,,,,,,,,,,,06,Belum
203,,,,,,,,,,,,,,,,06,Belum
204,,,,,,,,,,,,,,,,06,Belum
205,,,,,,,,,,,,,,,,06,Belum
206,,,,,,,,,,,,,,,,06,Belum
207,,,,,,,,,,,,,,,,06,Belum
208,,,,,,,,,,,,,,,,06,Belum
209,,,,,,,,,,,,,,,,06,Belum
210,,,,,,,,,,,,,,,,06,Belum
211,,,,,,,,,,,,,,,,06,Belum
212,,,,,,,,,,,,,,,,06,Belum
213,,,,,,,,,,,,,,,,06,Belum
214,,,,,,,,,,,,,,,,06,Belum
215,,,,,,,,,,,,,,,,06,Belum
216,,,,,,,,,,,,,,,,06,Belum
217,,,,,,,,,,,,,,,,06,Belum
218,,,,,,,,,,,,,,,,06,Belum
219,,,,,,,,,,,,,,,,06,Belum
220,,,,,,,,,,,,,,,,06,Belum
221,,,,,,,,,,,,,,,,06,Belum
222,,,,,,,,,,,,,,,,06,Belum
223,,,,,,,,,,,,,,,,06,Belum
224,,,,,,,,,,,,,,,,06,Belum
225,,,,,,,,,,,,,,,,06,Belum
226,,,,,,,,,,,,,,,,06,Belum
227,,,,,,,,,,,,,,,,06,Belum
228,,,,,,,,,,,,,,,,06,Belum
229,,,,,,,,,,,,,,,,06,Belum
230,,,,,,,,,,,,,,,,06,Belum
231,,,,,,,,,,,,,,,,06,Belum
232,,,,,,,,,,,,,,,,06,Belum
233,,,,,,,,,,,,,,,,06,Belum
234,,,,,,,,,,,,,,,,06,Belum
235,,,,,,,,,,,,,,,,06,Belum
236,,,,,,,,,,,,,,,,06,Belum
237,,,,,,,,,,,,,,,,06,Belum
238,,,,,,,,,,,,,,,,06,Belum
239,,,,,,,,,,,,,,,,06,Belum
240,,,,,,,,,,,,,,,,06,Belum
241,,,,,,,,,,,,,,,,06,Belum
242,,,,,,,,,,,,,,,,06,Belum
243,,,,,,,,,,,,,,,,06,Belum
244,,,,,,,,,,,,,,,,06,Belum
245,,,,,,,,,,,,,,,,06,Belum
246,,,,,,,,,,,,,,,,06,Belum
247,,,,,,,,,,,,,,,,06,Belum
248,,,,,,,,,,,,,,,,06,Belum
249,,,,,,,,,,,,,,,,06,Belum
250,,,,,,,,,,,,,,,,06,Belum
251,,,,,,,,,,,,,,,,06,Belum
252,,,,,,,,,,,,,,,,06,Belum
253,,,,,,,,,,,,,,,,06,Belum
254,,,,,,,,,,,,,,,,06,Belum
255,,,,,,,,,,,,,,,,06,Belum
256,,,,,,,,,,,,,,,,06,Belum
257,,,,,,,,,,,,,,,,06,Belum
258,,,,,,,,,,,,,,,,06,Belum
259,,,,,,,,,,,,,,,,06,Belum
260,,,,,,,,,,,,,,,,06,Belum
261,,,,,,,,,,,,,,,,06,Belum
262,,,,,,,,,,,,,,,,06,Belum
263,,,,,,,,,,,,,,,,06,Belum
264,,,,,,,,,,,,,,,,06,Belum
265,,,,,,,,,,,,,,,,06,Belum
266,,,,,,,,,,,,,,,,06,Belum
267,,,,,,,,,,,,,,,,06,Belum
268,,,,,,,,,,,,,,,,06,Belum
269,,,,,,,,,,,,,,,,06,Belum
270,,,,,,,,,,,,,,,,06,Belum
271,,,,,,,,,,,,,,,,06,Belum
272,,,,,,,,,,,,,,,,06,Belum
273,,,,,,,,,,,,,,,,06,Belum
274,,,,,,,,,,,,,,,,06,Belum
275,,,,,,,,,,,,,,,,06,Belum
276,,,,,,,,,,,,,,,,06,Belum
277,,,,,,,,,,,,,,,,06,Belum
278,,,,,,,,,,,,,,,,06,Belum
279,,,,,,,,,,,,,,,,06,Belum
280,,,,,,,,,,,,,,,,06,Belum
281,,,,,,,,,,,,,,,,06,Belum
282,,,,,,,,,,,,,,,,06,Belum
283,,,,,,,,,,,,,,,,06,Belum
284,,,,,,,,,,,,,,,,06,Belum
285,,,,,,,,,,,,,,,,06,Belum
286,,,,,,,,,,,,,,,,06,Belum
287,,,,,,,,,,,,,,,,06,Belum
288,,,,,,,,,,,,,,,,06,Belum
289,,,,,,,,,,,,,,,,06,Belum
290,,,,,,,,,,,,,,,,06,Belum
291,,,,,,,,,,,,,,,,06,Belum
292,,,,,,,,,,,,,,,,06,Belum
293,,,,,,,,,,,,,,,,06,Belum
294,,,,,,,,,,,,,,,,06,Belum
295,,,,,,,,,,,,,,,,06,Belum
296,,,,,,,,,,,,,,,,06,Belum
297,,,,,,,,,,,,,,,,06,Belum
298,,,,,,,,,,,,,,,,06,Belum
299,,,,,,,,,,,,,,,,06,Belum
300,,,,,,,,,,,,,,,,06,Belum
301,,,,,,,,,,,,,,,,06,Belum
302,,,,,,,,,,,,,,,,06,Belum
303,,,,,,,,,,,,,,,,06,Belum
304,,,,,,,,,,,,,,,,06,Belum
305,,,,,,,,,,,,,,,,06,Belum
306,,,,,,,,,,,,,,,,06,Belum
307,,,,,,,,,,,,,,,,06,Belum
308,,,,,,,,,,,,,,,,06,Belum
309,,,,,,,,,,,,,,,,06,Belum
310,,,,,,,,,,,,,,,,06,Belum
311,,,,,,,,,,,,,,,,06,Belum
312,,,,,,,,,,,,,,,,06,Belum
313,,,,,,,,,,,,,,,,06,Belum
314,,,,,,,,,,,,,,,,06,Belum
315,,,,,,,,,,,,,,,,06,Belum
316,,,,,,,,,,,,,,,,06,Belum
317,,,,,,,,,,,,,,,,06,Belum
318,,,,,,,,,,,,,,,,06,Belum
319,,,,,,,,,,,,,,,,06,Belum
320,,,,,,,,,,,,,,,,06,Belum
321,,,,,,,,,,,,,,,,06,Belum
322,,,,,,,,,,,,,,,,06,Belum
323,,,,,,,,,,,,,,,,06,Belum
324,,,,,,,,,,,,,,,,06,Belum
325,,,,,,,,,,,,,,,,06,Belum
326,,,,,,,,,,,,,,,,06,Belum
327,,,,,,,,,,,,,,,,06,Belum
328,,,,,,,,,,,,,,,,06,Belum
329,,,,,,,,,,,,,,,,06,Belum
330,,,,,,,,,,,,,,,,06,Belum
331,,,,,,,,,,,,,,,,06,Belum
332,,,,,,,,,,,,,,,,06,Belum
333,,,,,,,,,,,,,,,,06,Belum
334,,,,,,,,,,,,,,,,06,Belum
335,,,,,,,,,,,,,,,,06,Belum
336,,,,,,,,,,,,,,,,06,Belum
337,,,,,,,,,,,,,,,,06,Belum
338,,,,,,,,,,,,,,,,06,Belum
339,,,,,,,,,,,,,,,,06,Belum
340,,,,,,,,,,,,,,,,06,Belum
341,,,,,,,,,,,,,,,,06,Belum
342,,,,,,,,,,,,,,,,06,Belum
343,,,,,,,,,,,,,,,,06,Belum
344,,,,,,,,,,,,,,,,06,Belum
345,,,,,,,,,,,,,,,,06,Belum
346,,,,,,,,,,,,,,,,06,Belum
347,,,,,,,,,,,,,,,,06,Belum
348,,,,,,,,,,,,,,,,06,Belum
349,,,,,,,,,,,,,,,,06,Belum
350,,,,,,,,,,,,,,,,06,Belum
351,,,,,,,,,,,,,,,,06,Belum
352,,,,,,,,,,,,,,,,06,Belum
353,,,,,,,,,,,,,,,,06,Belum
354,,,,,,,,,,,,,,,,06,Belum
355,,,,,,,,,,,,,,,,06,Belum
356,,,,,,,,,,,,,,,,06,Belum
357,,,,,,,,,,,,,,,,06,Belum
358,,,,,,,,,,,,,,,,06,Belum
359,,,,,,,,,,,,,,,,06,Belum
360,,,,,,,,,,,,,,,,06,Belum
361,,,,,,,,,,,,,,,,06,Belum
362,,,,,,,,,,,,,,,,06,Belum
363,,,,,,,,,,,,,,,,06,Belum
364,,,,,,,,,,,,,,,,06,Belum
365,,,,,,,,,,,,,,,,06,Belum
366,,,,,,,,,,,,,,,,06,Belum
367,,,,,,,,,,,,,,,,06,Belum
368,,,,,,,,,,,,,,,,06,Belum
369,,,,,,,,,,,,,,,,06,Belum
370,,,,,,,,,,,,,,,,06,Belum
371,,,,,,,,,,,,,,,,06,Belum
372,,,,,,,,,,,,,,,,06,Belum
373,,,,,,,,,,,,,,,,06,Belum
374,,,,,,,,,,,,,,,,06,Belum
375,,,,,,,,,,,,,,,,06,Belum
376,,,,,,,,,,,,,,,,06,Belum
377,,,,,,,,,,,,,,,,06,Belum
378,,,,,,,,,,,,,,,,06,Belum
379,,,,,,,,,,,,,,,,06,Belum
380,,,,,,,,,,,,,,,,06,Belum
381,,,,,,,,,,,,,,,,06,Belum
382,,,,,,,,,,,,,,,,06,Belum
383,,,,,,,,,,,,,,,,06,Belum
384,,,,,,,,,,,,,,,,06,Belum
